<?xml version="1.0" encoding="UTF-8"?>
<gml2:FeatureCollection xmlns="http://www.kadaster.nl/gml" xmlns:gml2="http://www.safe.com/gml2" xmlns:gml="http://www.opengis.net/gml">
    <lokaalMeetstelsel versie="1.0">
        <!--Algemene gegevens-->
        <veldwerk kadGemCode="BLK00" sectie="D">311</veldwerk>
        <naam>Belikumer Wiid Berlikum</naam>
        <datum>2006-01-31</datum>
        <bronVermelding>TIR (Move3)</bronVermelding>
        <coordinatenStelsel>Lokaal meetstelsel</coordinatenStelsel>
        <gml:boundedBy>
            <gml:Box>
                <gml:coordinates>169258454,582573593 170352030,583064852</gml:coordinates>
            </gml:Box>
        </gml:boundedBy>
        <!--Punten-->
        <terreinPunt>
            <puntNummer>31101</puntNummer>
            <classificatieCode>G01</classificatieCode>
            <precisieKlasse>1</precisieKlasse>
            <wijzeInwinning>Terrestrische meting</wijzeInwinning>
            <gml:Point>
                <gml:coordinates>169258454,582573593</gml:coordinates>
            </gml:Point>
        </terreinPunt>
        <terreinPunt>
            <puntNummer>31102</puntNummer>
            <classificatieCode>G01</classificatieCode>
            <precisieKlasse>1</precisieKlasse>
            <wijzeInwinning>Terrestrische meting</wijzeInwinning>
            <gml:Point>
                <gml:coordinates>169265468,582576541</gml:coordinates>
            </gml:Point>
        </terreinPunt>
        <terreinPunt>
            <puntNummer>31103</puntNummer>
            <classificatieCode>G01</classificatieCode>
            <precisieKlasse>1</precisieKlasse>
            <wijzeInwinning>Terrestrische meting</wijzeInwinning>
            <gml:Point>
                <gml:coordinates>169282666,582584973</gml:coordinates>
            </gml:Point>
        </terreinPunt>
        <terreinPunt>
            <puntNummer>31104</puntNummer>
            <classificatieCode>G01</classificatieCode>
            <precisieKlasse>1</precisieKlasse>
            <wijzeInwinning>Terrestrische meting</wijzeInwinning>
            <gml:Point>
                <gml:coordinates>169289526,582588992</gml:coordinates>
            </gml:Point>
        </terreinPunt>
        <terreinPunt>
            <puntNummer>31105</puntNummer>
            <classificatieCode>G01</classificatieCode>
            <precisieKlasse>1</precisieKlasse>
            <wijzeInwinning>Terrestrische meting</wijzeInwinning>
            <gml:Point>
                <gml:coordinates>169295372,582592909</gml:coordinates>
            </gml:Point>
        </terreinPunt>
        <terreinPunt>
            <puntNummer>31106</puntNummer>
            <classificatieCode>G01</classificatieCode>
            <precisieKlasse>1</precisieKlasse>
            <wijzeInwinning>Terrestrische meting</wijzeInwinning>
            <gml:Point>
                <gml:coordinates>169394417,582665093</gml:coordinates>
            </gml:Point>
        </terreinPunt>
        <terreinPunt>
            <puntNummer>31107</puntNummer>
            <classificatieCode>G01</classificatieCode>
            <precisieKlasse>1</precisieKlasse>
            <wijzeInwinning>Terrestrische meting</wijzeInwinning>
            <gml:Point>
                <gml:coordinates>169445273,582702140</gml:coordinates>
            </gml:Point>
        </terreinPunt>
        <terreinPunt>
            <puntNummer>31108</puntNummer>
            <classificatieCode>G01</classificatieCode>
            <precisieKlasse>1</precisieKlasse>
            <wijzeInwinning>Terrestrische meting</wijzeInwinning>
            <gml:Point>
                <gml:coordinates>169486816,582732100</gml:coordinates>
            </gml:Point>
        </terreinPunt>
        <terreinPunt>
            <puntNummer>31109</puntNummer>
            <classificatieCode>G01</classificatieCode>
            <precisieKlasse>1</precisieKlasse>
            <wijzeInwinning>Terrestrische meting</wijzeInwinning>
            <gml:Point>
                <gml:coordinates>169563238,582786817</gml:coordinates>
            </gml:Point>
        </terreinPunt>
        <terreinPunt>
            <puntNummer>31110</puntNummer>
            <classificatieCode>G01</classificatieCode>
            <precisieKlasse>1</precisieKlasse>
            <wijzeInwinning>Terrestrische meting</wijzeInwinning>
            <gml:Point>
                <gml:coordinates>169569587,582790649</gml:coordinates>
            </gml:Point>
        </terreinPunt>
        <terreinPunt>
            <puntNummer>31111</puntNummer>
            <classificatieCode>G01</classificatieCode>
            <precisieKlasse>1</precisieKlasse>
            <wijzeInwinning>Terrestrische meting</wijzeInwinning>
            <gml:Point>
                <gml:coordinates>169575395,582791516</gml:coordinates>
            </gml:Point>
        </terreinPunt>
        <terreinPunt>
            <puntNummer>31112</puntNummer>
            <classificatieCode>G01</classificatieCode>
            <precisieKlasse>1</precisieKlasse>
            <wijzeInwinning>Terrestrische meting</wijzeInwinning>
            <gml:Point>
                <gml:coordinates>169589410,582784692</gml:coordinates>
            </gml:Point>
        </terreinPunt>
        <terreinPunt>
            <puntNummer>31113</puntNummer>
            <classificatieCode>G01</classificatieCode>
            <precisieKlasse>1</precisieKlasse>
            <wijzeInwinning>Terrestrische meting</wijzeInwinning>
            <gml:Point>
                <gml:coordinates>169593148,582784696</gml:coordinates>
            </gml:Point>
        </terreinPunt>
        <terreinPunt>
            <puntNummer>31114</puntNummer>
            <classificatieCode>G01</classificatieCode>
            <precisieKlasse>1</precisieKlasse>
            <wijzeInwinning>Terrestrische meting</wijzeInwinning>
            <gml:Point>
                <gml:coordinates>169596793,582786379</gml:coordinates>
            </gml:Point>
        </terreinPunt>
        <terreinPunt>
            <puntNummer>31115</puntNummer>
            <classificatieCode>G01</classificatieCode>
            <precisieKlasse>1</precisieKlasse>
            <wijzeInwinning>Terrestrische meting</wijzeInwinning>
            <gml:Point>
                <gml:coordinates>169595383,582787741</gml:coordinates>
            </gml:Point>
        </terreinPunt>
        <terreinPunt>
            <puntNummer>31116</puntNummer>
            <classificatieCode>G01</classificatieCode>
            <precisieKlasse>1</precisieKlasse>
            <wijzeInwinning>Terrestrische meting</wijzeInwinning>
            <gml:Point>
                <gml:coordinates>169602242,582792491</gml:coordinates>
            </gml:Point>
        </terreinPunt>
        <terreinPunt>
            <puntNummer>31117</puntNummer>
            <classificatieCode>G01</classificatieCode>
            <precisieKlasse>1</precisieKlasse>
            <wijzeInwinning>Terrestrische meting</wijzeInwinning>
            <gml:Point>
                <gml:coordinates>169603144,582791368</gml:coordinates>
            </gml:Point>
        </terreinPunt>
        <terreinPunt>
            <puntNummer>31118</puntNummer>
            <classificatieCode>G01</classificatieCode>
            <precisieKlasse>1</precisieKlasse>
            <wijzeInwinning>Terrestrische meting</wijzeInwinning>
            <gml:Point>
                <gml:coordinates>169606621,582794935</gml:coordinates>
            </gml:Point>
        </terreinPunt>
        <terreinPunt>
            <puntNummer>31119</puntNummer>
            <classificatieCode>G01</classificatieCode>
            <precisieKlasse>1</precisieKlasse>
            <wijzeInwinning>Terrestrische meting</wijzeInwinning>
            <gml:Point>
                <gml:coordinates>169606772,582800931</gml:coordinates>
            </gml:Point>
        </terreinPunt>
        <terreinPunt>
            <puntNummer>31120</puntNummer>
            <classificatieCode>G01</classificatieCode>
            <precisieKlasse>1</precisieKlasse>
            <wijzeInwinning>Terrestrische meting</wijzeInwinning>
            <gml:Point>
                <gml:coordinates>169604669,582809561</gml:coordinates>
            </gml:Point>
        </terreinPunt>
        <terreinPunt>
            <puntNummer>31121</puntNummer>
            <classificatieCode>G01</classificatieCode>
            <precisieKlasse>1</precisieKlasse>
            <wijzeInwinning>Terrestrische meting</wijzeInwinning>
            <gml:Point>
                <gml:coordinates>169604969,582813861</gml:coordinates>
            </gml:Point>
        </terreinPunt>
        <terreinPunt>
            <puntNummer>31122</puntNummer>
            <classificatieCode>G01</classificatieCode>
            <precisieKlasse>1</precisieKlasse>
            <wijzeInwinning>Terrestrische meting</wijzeInwinning>
            <gml:Point>
                <gml:coordinates>169607309,582817518</gml:coordinates>
            </gml:Point>
        </terreinPunt>
        <terreinPunt>
            <puntNummer>31123</puntNummer>
            <classificatieCode>G01</classificatieCode>
            <precisieKlasse>1</precisieKlasse>
            <wijzeInwinning>Terrestrische meting</wijzeInwinning>
            <gml:Point>
                <gml:coordinates>169622941,582831389</gml:coordinates>
            </gml:Point>
        </terreinPunt>
        <terreinPunt>
            <puntNummer>31124</puntNummer>
            <classificatieCode>G01</classificatieCode>
            <precisieKlasse>1</precisieKlasse>
            <wijzeInwinning>Terrestrische meting</wijzeInwinning>
            <gml:Point>
                <gml:coordinates>169637288,582842219</gml:coordinates>
            </gml:Point>
        </terreinPunt>
        <terreinPunt>
            <puntNummer>31125</puntNummer>
            <classificatieCode>G01</classificatieCode>
            <precisieKlasse>1</precisieKlasse>
            <wijzeInwinning>Terrestrische meting</wijzeInwinning>
            <gml:Point>
                <gml:coordinates>169649602,582850946</gml:coordinates>
            </gml:Point>
        </terreinPunt>
        <terreinPunt>
            <puntNummer>31126</puntNummer>
            <classificatieCode>G01</classificatieCode>
            <precisieKlasse>1</precisieKlasse>
            <wijzeInwinning>Terrestrische meting</wijzeInwinning>
            <gml:Point>
                <gml:coordinates>169669789,582864289</gml:coordinates>
            </gml:Point>
        </terreinPunt>
        <terreinPunt>
            <puntNummer>31127</puntNummer>
            <classificatieCode>G01</classificatieCode>
            <precisieKlasse>1</precisieKlasse>
            <wijzeInwinning>Terrestrische meting</wijzeInwinning>
            <gml:Point>
                <gml:coordinates>169690174,582876860</gml:coordinates>
            </gml:Point>
        </terreinPunt>
        <terreinPunt>
            <puntNummer>31128</puntNummer>
            <classificatieCode>G01</classificatieCode>
            <precisieKlasse>1</precisieKlasse>
            <wijzeInwinning>Terrestrische meting</wijzeInwinning>
            <gml:Point>
                <gml:coordinates>169716810,582891842</gml:coordinates>
            </gml:Point>
        </terreinPunt>
        <terreinPunt>
            <puntNummer>31129</puntNummer>
            <classificatieCode>G01</classificatieCode>
            <precisieKlasse>1</precisieKlasse>
            <wijzeInwinning>Terrestrische meting</wijzeInwinning>
            <gml:Point>
                <gml:coordinates>169730475,582896831</gml:coordinates>
            </gml:Point>
        </terreinPunt>
        <terreinPunt>
            <puntNummer>31130</puntNummer>
            <classificatieCode>G01</classificatieCode>
            <precisieKlasse>1</precisieKlasse>
            <wijzeInwinning>Terrestrische meting</wijzeInwinning>
            <gml:Point>
                <gml:coordinates>169745557,582900158</gml:coordinates>
            </gml:Point>
        </terreinPunt>
        <terreinPunt>
            <puntNummer>31131</puntNummer>
            <classificatieCode>G01</classificatieCode>
            <precisieKlasse>1</precisieKlasse>
            <wijzeInwinning>Terrestrische meting</wijzeInwinning>
            <gml:Point>
                <gml:coordinates>169749888,582901036</gml:coordinates>
            </gml:Point>
        </terreinPunt>
        <terreinPunt>
            <puntNummer>31132</puntNummer>
            <classificatieCode>G01</classificatieCode>
            <precisieKlasse>1</precisieKlasse>
            <wijzeInwinning>Terrestrische meting</wijzeInwinning>
            <gml:Point>
                <gml:coordinates>169757700,582902171</gml:coordinates>
            </gml:Point>
        </terreinPunt>
        <terreinPunt>
            <puntNummer>31133</puntNummer>
            <classificatieCode>G01</classificatieCode>
            <precisieKlasse>1</precisieKlasse>
            <wijzeInwinning>Terrestrische meting</wijzeInwinning>
            <gml:Point>
                <gml:coordinates>169792619,582903827</gml:coordinates>
            </gml:Point>
        </terreinPunt>
        <terreinPunt>
            <puntNummer>31134</puntNummer>
            <classificatieCode>G01</classificatieCode>
            <precisieKlasse>1</precisieKlasse>
            <wijzeInwinning>Terrestrische meting</wijzeInwinning>
            <gml:Point>
                <gml:coordinates>169811366,582904201</gml:coordinates>
            </gml:Point>
        </terreinPunt>
        <terreinPunt>
            <puntNummer>31135</puntNummer>
            <classificatieCode>G01</classificatieCode>
            <precisieKlasse>1</precisieKlasse>
            <wijzeInwinning>Terrestrische meting</wijzeInwinning>
            <gml:Point>
                <gml:coordinates>169829595,582905080</gml:coordinates>
            </gml:Point>
        </terreinPunt>
        <terreinPunt>
            <puntNummer>31136</puntNummer>
            <classificatieCode>G01</classificatieCode>
            <precisieKlasse>1</precisieKlasse>
            <wijzeInwinning>Terrestrische meting</wijzeInwinning>
            <gml:Point>
                <gml:coordinates>169856452,582907451</gml:coordinates>
            </gml:Point>
        </terreinPunt>
        <terreinPunt>
            <puntNummer>31137</puntNummer>
            <classificatieCode>G01</classificatieCode>
            <precisieKlasse>1</precisieKlasse>
            <wijzeInwinning>Terrestrische meting</wijzeInwinning>
            <gml:Point>
                <gml:coordinates>169876181,582910432</gml:coordinates>
            </gml:Point>
        </terreinPunt>
        <terreinPunt>
            <puntNummer>31138</puntNummer>
            <classificatieCode>G01</classificatieCode>
            <precisieKlasse>1</precisieKlasse>
            <wijzeInwinning>Terrestrische meting</wijzeInwinning>
            <gml:Point>
                <gml:coordinates>169904628,582921621</gml:coordinates>
            </gml:Point>
        </terreinPunt>
        <terreinPunt>
            <puntNummer>31139</puntNummer>
            <classificatieCode>G01</classificatieCode>
            <precisieKlasse>1</precisieKlasse>
            <wijzeInwinning>Terrestrische meting</wijzeInwinning>
            <gml:Point>
                <gml:coordinates>169916719,582928021</gml:coordinates>
            </gml:Point>
        </terreinPunt>
        <terreinPunt>
            <puntNummer>31140</puntNummer>
            <classificatieCode>G01</classificatieCode>
            <precisieKlasse>1</precisieKlasse>
            <wijzeInwinning>Terrestrische meting</wijzeInwinning>
            <gml:Point>
                <gml:coordinates>169960790,582951589</gml:coordinates>
            </gml:Point>
        </terreinPunt>
        <terreinPunt>
            <puntNummer>31141</puntNummer>
            <classificatieCode>G01</classificatieCode>
            <precisieKlasse>1</precisieKlasse>
            <wijzeInwinning>Terrestrische meting</wijzeInwinning>
            <gml:Point>
                <gml:coordinates>169976390,582958525</gml:coordinates>
            </gml:Point>
        </terreinPunt>
        <terreinPunt>
            <puntNummer>31142</puntNummer>
            <classificatieCode>G01</classificatieCode>
            <precisieKlasse>1</precisieKlasse>
            <wijzeInwinning>Terrestrische meting</wijzeInwinning>
            <gml:Point>
                <gml:coordinates>169984698,582961834</gml:coordinates>
            </gml:Point>
        </terreinPunt>
        <terreinPunt>
            <puntNummer>31143</puntNummer>
            <classificatieCode>G01</classificatieCode>
            <precisieKlasse>1</precisieKlasse>
            <wijzeInwinning>Terrestrische meting</wijzeInwinning>
            <gml:Point>
                <gml:coordinates>170012561,582971280</gml:coordinates>
            </gml:Point>
        </terreinPunt>
        <terreinPunt>
            <puntNummer>31144</puntNummer>
            <classificatieCode>G01</classificatieCode>
            <precisieKlasse>1</precisieKlasse>
            <wijzeInwinning>Terrestrische meting</wijzeInwinning>
            <gml:Point>
                <gml:coordinates>170030046,582978197</gml:coordinates>
            </gml:Point>
        </terreinPunt>
        <terreinPunt>
            <puntNummer>31145</puntNummer>
            <classificatieCode>G01</classificatieCode>
            <precisieKlasse>1</precisieKlasse>
            <wijzeInwinning>Terrestrische meting</wijzeInwinning>
            <gml:Point>
                <gml:coordinates>170057078,582993543</gml:coordinates>
            </gml:Point>
        </terreinPunt>
        <terreinPunt>
            <puntNummer>31146</puntNummer>
            <classificatieCode>G01</classificatieCode>
            <precisieKlasse>1</precisieKlasse>
            <wijzeInwinning>Terrestrische meting</wijzeInwinning>
            <gml:Point>
                <gml:coordinates>170085137,583014766</gml:coordinates>
            </gml:Point>
        </terreinPunt>
        <terreinPunt>
            <puntNummer>31147</puntNummer>
            <classificatieCode>G01</classificatieCode>
            <precisieKlasse>1</precisieKlasse>
            <wijzeInwinning>Terrestrische meting</wijzeInwinning>
            <gml:Point>
                <gml:coordinates>170093508,583020137</gml:coordinates>
            </gml:Point>
        </terreinPunt>
        <terreinPunt>
            <puntNummer>31148</puntNummer>
            <classificatieCode>G01</classificatieCode>
            <precisieKlasse>1</precisieKlasse>
            <wijzeInwinning>Terrestrische meting</wijzeInwinning>
            <gml:Point>
                <gml:coordinates>170100818,583023642</gml:coordinates>
            </gml:Point>
        </terreinPunt>
        <terreinPunt>
            <puntNummer>31149</puntNummer>
            <classificatieCode>G01</classificatieCode>
            <precisieKlasse>1</precisieKlasse>
            <wijzeInwinning>Terrestrische meting</wijzeInwinning>
            <gml:Point>
                <gml:coordinates>170115937,583029497</gml:coordinates>
            </gml:Point>
        </terreinPunt>
        <terreinPunt>
            <puntNummer>31150</puntNummer>
            <classificatieCode>G01</classificatieCode>
            <precisieKlasse>1</precisieKlasse>
            <wijzeInwinning>Terrestrische meting</wijzeInwinning>
            <gml:Point>
                <gml:coordinates>170134229,583034881</gml:coordinates>
            </gml:Point>
        </terreinPunt>
        <terreinPunt>
            <puntNummer>31151</puntNummer>
            <classificatieCode>G01</classificatieCode>
            <precisieKlasse>1</precisieKlasse>
            <wijzeInwinning>Terrestrische meting</wijzeInwinning>
            <gml:Point>
                <gml:coordinates>170145711,583036890</gml:coordinates>
            </gml:Point>
        </terreinPunt>
        <terreinPunt>
            <puntNummer>31152</puntNummer>
            <classificatieCode>G01</classificatieCode>
            <precisieKlasse>1</precisieKlasse>
            <wijzeInwinning>Terrestrische meting</wijzeInwinning>
            <gml:Point>
                <gml:coordinates>170160822,583036750</gml:coordinates>
            </gml:Point>
        </terreinPunt>
        <terreinPunt>
            <puntNummer>31153</puntNummer>
            <classificatieCode>G01</classificatieCode>
            <precisieKlasse>1</precisieKlasse>
            <wijzeInwinning>Terrestrische meting</wijzeInwinning>
            <gml:Point>
                <gml:coordinates>170166081,583035327</gml:coordinates>
            </gml:Point>
        </terreinPunt>
        <terreinPunt>
            <puntNummer>31154</puntNummer>
            <classificatieCode>G01</classificatieCode>
            <precisieKlasse>1</precisieKlasse>
            <wijzeInwinning>Terrestrische meting</wijzeInwinning>
            <gml:Point>
                <gml:coordinates>170182884,583029742</gml:coordinates>
            </gml:Point>
        </terreinPunt>
        <terreinPunt>
            <puntNummer>31155</puntNummer>
            <classificatieCode>G01</classificatieCode>
            <precisieKlasse>1</precisieKlasse>
            <wijzeInwinning>Terrestrische meting</wijzeInwinning>
            <gml:Point>
                <gml:coordinates>170203102,583024412</gml:coordinates>
            </gml:Point>
        </terreinPunt>
        <terreinPunt>
            <puntNummer>31156</puntNummer>
            <classificatieCode>G01</classificatieCode>
            <precisieKlasse>1</precisieKlasse>
            <wijzeInwinning>Terrestrische meting</wijzeInwinning>
            <gml:Point>
                <gml:coordinates>170232518,583021564</gml:coordinates>
            </gml:Point>
        </terreinPunt>
        <terreinPunt>
            <puntNummer>31157</puntNummer>
            <classificatieCode>G01</classificatieCode>
            <precisieKlasse>1</precisieKlasse>
            <wijzeInwinning>Terrestrische meting</wijzeInwinning>
            <gml:Point>
                <gml:coordinates>170258969,583023727</gml:coordinates>
            </gml:Point>
        </terreinPunt>
        <terreinPunt>
            <puntNummer>31158</puntNummer>
            <classificatieCode>G01</classificatieCode>
            <precisieKlasse>1</precisieKlasse>
            <wijzeInwinning>Terrestrische meting</wijzeInwinning>
            <gml:Point>
                <gml:coordinates>170281247,583031074</gml:coordinates>
            </gml:Point>
        </terreinPunt>
        <terreinPunt>
            <puntNummer>31159</puntNummer>
            <classificatieCode>G01</classificatieCode>
            <precisieKlasse>1</precisieKlasse>
            <wijzeInwinning>Terrestrische meting</wijzeInwinning>
            <gml:Point>
                <gml:coordinates>170293104,583036881</gml:coordinates>
            </gml:Point>
        </terreinPunt>
        <terreinPunt>
            <puntNummer>31160</puntNummer>
            <classificatieCode>G01</classificatieCode>
            <precisieKlasse>1</precisieKlasse>
            <wijzeInwinning>Terrestrische meting</wijzeInwinning>
            <gml:Point>
                <gml:coordinates>170301906,583042739</gml:coordinates>
            </gml:Point>
        </terreinPunt>
        <terreinPunt>
            <puntNummer>31161</puntNummer>
            <classificatieCode>G01</classificatieCode>
            <precisieKlasse>1</precisieKlasse>
            <wijzeInwinning>Terrestrische meting</wijzeInwinning>
            <gml:Point>
                <gml:coordinates>170314033,583051554</gml:coordinates>
            </gml:Point>
        </terreinPunt>
        <terreinPunt>
            <puntNummer>31162</puntNummer>
            <classificatieCode>G01</classificatieCode>
            <precisieKlasse>1</precisieKlasse>
            <wijzeInwinning>Terrestrische meting</wijzeInwinning>
            <gml:Point>
                <gml:coordinates>170319358,583053690</gml:coordinates>
            </gml:Point>
        </terreinPunt>
        <terreinPunt>
            <puntNummer>31163</puntNummer>
            <classificatieCode>G01</classificatieCode>
            <precisieKlasse>1</precisieKlasse>
            <wijzeInwinning>Terrestrische meting</wijzeInwinning>
            <gml:Point>
                <gml:coordinates>170325028,583052767</gml:coordinates>
            </gml:Point>
        </terreinPunt>
        <terreinPunt>
            <puntNummer>31164</puntNummer>
            <classificatieCode>G01</classificatieCode>
            <precisieKlasse>1</precisieKlasse>
            <wijzeInwinning>Terrestrische meting</wijzeInwinning>
            <gml:Point>
                <gml:coordinates>170335972,583048163</gml:coordinates>
            </gml:Point>
        </terreinPunt>
        <terreinPunt>
            <puntNummer>31165</puntNummer>
            <classificatieCode>G01</classificatieCode>
            <precisieKlasse>1</precisieKlasse>
            <wijzeInwinning>Terrestrische meting</wijzeInwinning>
            <gml:Point>
                <gml:coordinates>170342045,583049144</gml:coordinates>
            </gml:Point>
        </terreinPunt>
        <terreinPunt>
            <puntNummer>31166</puntNummer>
            <classificatieCode>G01</classificatieCode>
            <precisieKlasse>1</precisieKlasse>
            <wijzeInwinning>Terrestrische meting</wijzeInwinning>
            <gml:Point>
                <gml:coordinates>170347483,583054030</gml:coordinates>
            </gml:Point>
        </terreinPunt>
        <terreinPunt>
            <puntNummer>31167</puntNummer>
            <classificatieCode>G01</classificatieCode>
            <precisieKlasse>1</precisieKlasse>
            <wijzeInwinning>Terrestrische meting</wijzeInwinning>
            <gml:Point>
                <gml:coordinates>170346205,583055097</gml:coordinates>
            </gml:Point>
        </terreinPunt>
        <terreinPunt>
            <puntNummer>31168</puntNummer>
            <classificatieCode>G01</classificatieCode>
            <precisieKlasse>1</precisieKlasse>
            <wijzeInwinning>Terrestrische meting</wijzeInwinning>
            <gml:Point>
                <gml:coordinates>170349819,583060074</gml:coordinates>
            </gml:Point>
        </terreinPunt>
        <terreinPunt>
            <puntNummer>31169</puntNummer>
            <classificatieCode>G01</classificatieCode>
            <precisieKlasse>1</precisieKlasse>
            <wijzeInwinning>Terrestrische meting</wijzeInwinning>
            <gml:Point>
                <gml:coordinates>170352030,583060168</gml:coordinates>
            </gml:Point>
        </terreinPunt>
        <terreinPunt>
            <puntNummer>31170</puntNummer>
            <classificatieCode>G01</classificatieCode>
            <precisieKlasse>1</precisieKlasse>
            <wijzeInwinning>Terrestrische meting</wijzeInwinning>
            <gml:Point>
                <gml:coordinates>170344272,583064852</gml:coordinates>
            </gml:Point>
        </terreinPunt>
        <terreinPunt>
            <puntNummer>31171</puntNummer>
            <classificatieCode>G01</classificatieCode>
            <precisieKlasse>1</precisieKlasse>
            <wijzeInwinning>Terrestrische meting</wijzeInwinning>
            <gml:Point>
                <gml:coordinates>170339552,583057977</gml:coordinates>
            </gml:Point>
        </terreinPunt>
        <terreinPunt>
            <puntNummer>31172</puntNummer>
            <classificatieCode>M04</classificatieCode>
            <precisieKlasse>1</precisieKlasse>
            <wijzeInwinning>Terrestrische meting</wijzeInwinning>
            <gml:Point>
                <gml:coordinates>169923094,582665511</gml:coordinates>
            </gml:Point>
        </terreinPunt>
    </lokaalMeetstelsel>
</gml2:FeatureCollection>