<?xml version="1.0" encoding="UTF-8"?>
<gml2:FeatureCollection xmlns="http://www.kadaster.nl/gml" xmlns:gml2="http://www.safe.com/gml2" xmlns:gml="http://www.opengis.net/gml">
    <lokaalMeetstelsel versie="1.0">
        <!--Algemene gegevens-->
        <veldwerk kadGemCode="BLK00" sectie="D">317</veldwerk>
        <naam>menamerdk, slappeterp</naam>
        <datum>11-09-2008</datum>
        <bronVermelding>TIR 3.7.0.0</bronVermelding>
        <coordinatenStelsel>RDNAPTRANS</coordinatenStelsel>
        <gml:boundedBy>
            <gml:Box>
                <gml:coordinates>170979409,580920877 171105897,580969571</gml:coordinates>
            </gml:Box>
        </gml:boundedBy>
        <!--Punten-->
        <terreinPunt>
            <puntNummer>31701</puntNummer>
            <classificatieCode>G01</classificatieCode>
            <precisieKlasse>1</precisieKlasse>
            <wijzeInwinning>Terrestrische meting</wijzeInwinning>
            <gml:Point>
                <gml:coordinates>171090190,580969571</gml:coordinates>
            </gml:Point>
        </terreinPunt>
        <terreinPunt>
            <puntNummer>31702</puntNummer>
            <classificatieCode>G01</classificatieCode>
            <precisieKlasse>1</precisieKlasse>
            <wijzeInwinning>Terrestrische meting</wijzeInwinning>
            <gml:Point>
                <gml:coordinates>171099084,580957362</gml:coordinates>
            </gml:Point>
        </terreinPunt>
        <terreinPunt>
            <puntNummer>31703</puntNummer>
            <classificatieCode>G01</classificatieCode>
            <precisieKlasse>1</precisieKlasse>
            <wijzeInwinning>Terrestrische meting</wijzeInwinning>
            <gml:Point>
                <gml:coordinates>171105897,580947983</gml:coordinates>
            </gml:Point>
        </terreinPunt>
        <terreinPunt>
            <puntNummer>31704</puntNummer>
            <classificatieCode>G01</classificatieCode>
            <precisieKlasse>1</precisieKlasse>
            <wijzeInwinning>Terrestrische meting</wijzeInwinning>
            <gml:Point>
                <gml:coordinates>171105362,580943303</gml:coordinates>
            </gml:Point>
        </terreinPunt>
        <terreinPunt>
            <puntNummer>31705</puntNummer>
            <classificatieCode>G01</classificatieCode>
            <precisieKlasse>1</precisieKlasse>
            <wijzeInwinning>Terrestrische meting</wijzeInwinning>
            <gml:Point>
                <gml:coordinates>171104559,580935893</gml:coordinates>
            </gml:Point>
        </terreinPunt>
        <terreinPunt>
            <puntNummer>31706</puntNummer>
            <classificatieCode>G01</classificatieCode>
            <precisieKlasse>1</precisieKlasse>
            <wijzeInwinning>Terrestrische meting</wijzeInwinning>
            <gml:Point>
                <gml:coordinates>171103423,580925972</gml:coordinates>
            </gml:Point>
        </terreinPunt>
        <terreinPunt>
            <puntNummer>31707</puntNummer>
            <classificatieCode>M04</classificatieCode>
            <precisieKlasse>1</precisieKlasse>
            <wijzeInwinning>Terrestrische meting</wijzeInwinning>
            <gml:Point>
                <gml:coordinates>171105511,580925102</gml:coordinates>
            </gml:Point>
        </terreinPunt>
        <terreinPunt>
            <puntNummer>31708</puntNummer>
            <classificatieCode>M04</classificatieCode>
            <precisieKlasse>1</precisieKlasse>
            <wijzeInwinning>Terrestrische meting</wijzeInwinning>
            <gml:Point>
                <gml:coordinates>171104647,580927274</gml:coordinates>
            </gml:Point>
        </terreinPunt>
        <terreinPunt>
            <puntNummer>31709</puntNummer>
            <classificatieCode>M04</classificatieCode>
            <precisieKlasse>1</precisieKlasse>
            <wijzeInwinning>Terrestrische meting</wijzeInwinning>
            <gml:Point>
                <gml:coordinates>171077018,580961956</gml:coordinates>
            </gml:Point>
        </terreinPunt>
        <terreinPunt>
            <puntNummer>31710</puntNummer>
            <classificatieCode>M04</classificatieCode>
            <precisieKlasse>1</precisieKlasse>
            <wijzeInwinning>Terrestrische meting</wijzeInwinning>
            <gml:Point>
                <gml:coordinates>171076155,580959565</gml:coordinates>
            </gml:Point>
        </terreinPunt>
        <terreinPunt>
            <puntNummer>31711</puntNummer>
            <classificatieCode>M04</classificatieCode>
            <precisieKlasse>1</precisieKlasse>
            <wijzeInwinning>Terrestrische meting</wijzeInwinning>
            <gml:Point>
                <gml:coordinates>170997499,580930606</gml:coordinates>
            </gml:Point>
        </terreinPunt>
        <terreinPunt>
            <puntNummer>31712</puntNummer>
            <classificatieCode>M04</classificatieCode>
            <precisieKlasse>1</precisieKlasse>
            <wijzeInwinning>Terrestrische meting</wijzeInwinning>
            <gml:Point>
                <gml:coordinates>170983786,580920877</gml:coordinates>
            </gml:Point>
        </terreinPunt>
        <terreinPunt>
            <puntNummer>31713</puntNummer>
            <classificatieCode>G01</classificatieCode>
            <precisieKlasse>1</precisieKlasse>
            <wijzeInwinning>Terrestrische meting</wijzeInwinning>
            <gml:Point>
                <gml:coordinates>171077817,580960747</gml:coordinates>
            </gml:Point>
        </terreinPunt>
        <terreinPunt>
            <puntNummer>31714</puntNummer>
            <classificatieCode>B01</classificatieCode>
            <precisieKlasse>1</precisieKlasse>
            <wijzeInwinning>Terrestrische meting</wijzeInwinning>
            <gml:Point>
                <gml:coordinates>171086563,580966980</gml:coordinates>
            </gml:Point>
        </terreinPunt>
        <terreinPunt>
            <puntNummer>31715</puntNummer>
            <classificatieCode>B01</classificatieCode>
            <precisieKlasse>1</precisieKlasse>
            <wijzeInwinning>Terrestrische meting</wijzeInwinning>
            <gml:Point>
                <gml:coordinates>171089820,580962482</gml:coordinates>
            </gml:Point>
        </terreinPunt>
        <terreinPunt>
            <puntNummer>31716</puntNummer>
            <classificatieCode>B01</classificatieCode>
            <precisieKlasse>1</precisieKlasse>
            <wijzeInwinning>Terrestrische meting</wijzeInwinning>
            <gml:Point>
                <gml:coordinates>171090291,580961829</gml:coordinates>
            </gml:Point>
        </terreinPunt>
        <terreinPunt>
            <puntNummer>31717</puntNummer>
            <classificatieCode>B01</classificatieCode>
            <precisieKlasse>1</precisieKlasse>
            <wijzeInwinning>Terrestrische meting</wijzeInwinning>
            <gml:Point>
                <gml:coordinates>171091154,580962447</gml:coordinates>
            </gml:Point>
        </terreinPunt>
        <terreinPunt>
            <puntNummer>31718</puntNummer>
            <classificatieCode>B01</classificatieCode>
            <precisieKlasse>1</precisieKlasse>
            <wijzeInwinning>Terrestrische meting</wijzeInwinning>
            <gml:Point>
                <gml:coordinates>171096240,580955334</gml:coordinates>
            </gml:Point>
        </terreinPunt>
        <terreinPunt>
            <puntNummer>31719</puntNummer>
            <classificatieCode>B01</classificatieCode>
            <precisieKlasse>1</precisieKlasse>
            <wijzeInwinning>Terrestrische meting</wijzeInwinning>
            <gml:Point>
                <gml:coordinates>170979409,580931316</gml:coordinates>
            </gml:Point>
        </terreinPunt>
        <terreinPunt>
            <puntNummer>31720</puntNummer>
            <classificatieCode>B01</classificatieCode>
            <precisieKlasse>1</precisieKlasse>
            <wijzeInwinning>Terrestrische meting</wijzeInwinning>
            <gml:Point>
                <gml:coordinates>170986334,580936226</gml:coordinates>
            </gml:Point>
        </terreinPunt>
    </lokaalMeetstelsel>
</gml2:FeatureCollection>