<?xml version="1.0" encoding="UTF-8"?>
<gml2:FeatureCollection xmlns="http://www.kadaster.nl/gml" xmlns:gml2="http://www.safe.com/gml2" xmlns:gml="http://www.opengis.net/gml">
    <lokaalMeetstelsel versie="1.0">
        <!--Algemene gegevens-->
        <veldwerk kadGemCode="BLK00" sectie="D">315</veldwerk>
        <naam>alddyk swichum</naam>
        <datum>01-05-2007</datum>
        <bronVermelding>TIR 3.4.0.0</bronVermelding>
        <coordinatenStelsel>RDNAPTRANS</coordinatenStelsel>
        <gml:boundedBy>
            <gml:Box>
                <gml:coordinates>169887872,579430756 169984147,579523576</gml:coordinates>
            </gml:Box>
        </gml:boundedBy>
        <!--Punten-->
        <terreinPunt>
            <puntNummer>31501</puntNummer>
            <classificatieCode>G01</classificatieCode>
            <precisieKlasse>1</precisieKlasse>
            <wijzeInwinning>Terrestrische meting</wijzeInwinning>
            <gml:Point>
                <gml:coordinates>169887872,579523576</gml:coordinates>
            </gml:Point>
        </terreinPunt>
        <terreinPunt>
            <puntNummer>31502</puntNummer>
            <classificatieCode>G01</classificatieCode>
            <precisieKlasse>1</precisieKlasse>
            <wijzeInwinning>Terrestrische meting</wijzeInwinning>
            <gml:Point>
                <gml:coordinates>169902008,579499755</gml:coordinates>
            </gml:Point>
        </terreinPunt>
        <terreinPunt>
            <puntNummer>31503</puntNummer>
            <classificatieCode>G01</classificatieCode>
            <precisieKlasse>1</precisieKlasse>
            <wijzeInwinning>Terrestrische meting</wijzeInwinning>
            <gml:Point>
                <gml:coordinates>169914984,579477912</gml:coordinates>
            </gml:Point>
        </terreinPunt>
        <terreinPunt>
            <puntNummer>31504</puntNummer>
            <classificatieCode>G01</classificatieCode>
            <precisieKlasse>1</precisieKlasse>
            <wijzeInwinning>Terrestrische meting</wijzeInwinning>
            <gml:Point>
                <gml:coordinates>169926399,579458709</gml:coordinates>
            </gml:Point>
        </terreinPunt>
        <terreinPunt>
            <puntNummer>31505</puntNummer>
            <classificatieCode>G01</classificatieCode>
            <precisieKlasse>1</precisieKlasse>
            <wijzeInwinning>Terrestrische meting</wijzeInwinning>
            <gml:Point>
                <gml:coordinates>169940403,579435209</gml:coordinates>
            </gml:Point>
        </terreinPunt>
        <terreinPunt>
            <puntNummer>31506</puntNummer>
            <classificatieCode>M04</classificatieCode>
            <precisieKlasse>1</precisieKlasse>
            <wijzeInwinning>Terrestrische meting</wijzeInwinning>
            <gml:Point>
                <gml:coordinates>169984147,579442300</gml:coordinates>
            </gml:Point>
        </terreinPunt>
        <terreinPunt>
            <puntNummer>31507</puntNummer>
            <classificatieCode>M04</classificatieCode>
            <precisieKlasse>1</precisieKlasse>
            <wijzeInwinning>Terrestrische meting</wijzeInwinning>
            <gml:Point>
                <gml:coordinates>169970129,579430756</gml:coordinates>
            </gml:Point>
        </terreinPunt>
    </lokaalMeetstelsel>
</gml2:FeatureCollection>